<orders>
  <order>
    <customer>Daniel</customer>
    <employee>Ariane Sloan</employee>
    <date>24/05/2017 21:58</date>
    <type>ForHere</type>
    <items>
      <item>
        <name>Otvertka</name>
        <quantity>2</quantity>
      </item>
      <item>
        <name>Marulq</name>
        <quantity>1</quantity>
      </item>
      <item>
        <name>Marulq</name>
        <quantity>1</quantity>
      </item>
    </items>
  </order>
  <order>
    <customer>Daniel</customer>
    <employee>Ariane Sloan</employee>
    <date>24/05/2017 21:58</date>
    <type>ForHere</type>
    <items>
      <item>
        <name>Otvertka</name>
        <quantity>2</quantity>
      </item>
      <item>
        <name>Marulq</name>
        <quantity>2</quantity>
      </item>
    </items>
  </order>
  <order>
    <customer>Bobbie</customer>
    <employee>Avery Rush</employee>
    <date>08/04/2017 19:53</date>
    <type>ToGo</type>
    <items>
      <item>
        <name>Piron</name>
        <quantity>2</quantity>
      </item>
      <item>
        <name>Otvertka</name>
        <quantity>2</quantity>
      </item>
      <item>
        <name>Marulq</name>
        <quantity>2</quantity>
      </item>
    </items>
  </order>
</orders>